letter,session,seq,atom_sent_ms,station_received_iso,station_received_monotonic_ns,robot_command_monotonic_ns,status,note
N,6ae08ac3998c50d3,3,113866,2026-10-03T08:48:53.371+00:00,15461909010000,15462067260200,execution_error,MG400 move timed out after 15 s
N,6ae08ac3998c50d3,4,176550,2026-10-03T08:49:56.039+00:00,15524576527400,15524698372600,execution_error,MG400 move timed out after 15 s
A,6ae08ac3998c50d3,6,234122,2026-10-03T08:50:53.631+00:00,15582169105900,15582394517200,executed,MG400 motion plan completed
A,6ae08ac3998c50d3,8,288312,2026-10-03T08:51:47.809+00:00,15636346727400,15636534790400,executed,MG400 motion plan completed
C,6ae08ac3998c50d3,9,319885,2026-10-03T08:52:19.384+00:00,15667921123300,15668496148800,executed,MG400 motion plan completed
D,6ae08ac3998c50d3,10,374172,2026-10-03T08:53:13.659+00:00,15722196118700,15722537234700,executed,MG400 motion plan completed
D,6ae08ac3998c50d3,11,394484,2026-10-03T08:53:33.976+00:00,15742513322600,15742940479300,executed,MG400 motion plan completed
D,6ae08ac3998c50d3,12,460960,2026-10-03T08:54:40.448+00:00,15808984842800,15809359352900,executed,MG400 motion plan completed
D,6ae08ac3998c50d3,14,503034,2026-10-03T08:55:22.530+00:00,15851066562000,15851408261800,executed,MG400 motion plan completed
E,6ae08ac3998c50d3,15,648040,2026-10-03T08:57:47.544+00:00,15996080883000,15996338635300,executed,MG400 motion plan completed
G,6ae08ac3998c50d3,17,685094,2026-10-03T08:58:24.591+00:00,16033127946500,16033768551700,executed,MG400 motion plan completed
G,6ae08ac3998c50d3,18,731012,2026-10-03T08:59:10.496+00:00,16079032759500,16079735998900,executed,MG400 motion plan completed
I,6ae08ac3998c50d3,21,1395226,2026-10-03T09:10:14.699+00:00,16743234539600,16743326760100,executed,MG400 motion plan completed
J,6ae08ac3998c50d3,22,1408183,2026-10-03T09:10:27.678+00:00,16756213625700,16756538227300,executed,MG400 motion plan completed
J,6ae08ac3998c50d3,23,1420124,2026-10-03T09:10:39.606+00:00,16768140959200,16768503995000,executed,MG400 motion plan completed
R,323d1f0559c2924d,8,1574780,2026-10-03T11:35:40.451+00:00,25468765983200,,preflight_error,MG400 is not connected; use Connect in mg400-base
R,323d1f0559c2924d,10,1593812,2026-10-03T11:35:59.507+00:00,25487820596900,,preflight_error,MG400 is not connected; use Connect in mg400-base
R,323d1f0559c2924d,12,1623342,2026-10-03T11:36:29.013+00:00,25517326520100,,busy,another letter execution is already running
R,323d1f0559c2924d,13,1632183,2026-10-03T11:36:37.860+00:00,25526173712700,,busy,another letter execution is already running
R,323d1f0559c2924d,11,1617069,2026-10-03T11:36:22.740+00:00,25511053762200,25511493660600,execution_error,MG400 move timed out after 15 s
R,323d1f0559c2924d,16,1775549,2026-10-03T11:39:01.238+00:00,25669548605200,25669970565800,executed,MG400 motion plan completed
N,323d1f0559c2924d,17,1873326,2026-10-03T11:40:39.017+00:00,25767325331700,25767399596200,executed,MG400 motion plan completed
P,323d1f0559c2924d,18,1916221,2026-10-03T11:41:21.919+00:00,25810226308800,25810600945500,executed,MG400 motion plan completed
R,323d1f0559c2924d,19,2210057,2026-10-03T11:46:15.739+00:00,26104042497100,26104464686500,executed,MG400 motion plan completed
N,323d1f0559c2924d,21,2344987,2026-10-03T11:48:30.664+00:00,26238965563200,26239123223900,executed,MG400 motion plan completed
N,323d1f0559c2924d,22,2358139,2026-10-03T11:48:43.825+00:00,26252126856900,26252298609900,executed,MG400 motion plan completed
N,323d1f0559c2924d,23,2924542,2026-10-03T11:58:10.227+00:00,26818524103700,26818667369900,executed,MG400 motion plan completed
O,323d1f0559c2924d,25,2970407,2026-10-03T11:58:56.080+00:00,26864376516900,26864968700400,executed,MG400 motion plan completed
P,323d1f0559c2924d,26,2983837,2026-10-03T11:59:09.509+00:00,26877805101300,26878143755000,executed,MG400 motion plan completed
Q,323d1f0559c2924d,27,2997697,2026-10-03T11:59:23.369+00:00,26891665286600,26892222812400,executed,MG400 motion plan completed
R,323d1f0559c2924d,28,3012697,2026-10-03T11:59:38.381+00:00,26906677334200,26907133822100,executed,MG400 motion plan completed
S,323d1f0559c2924d,29,3028797,2026-10-03T11:59:54.477+00:00,26922773175900,26923296549700,executed,MG400 motion plan completed
A,1bc3e8c66309b3de,1,7189,2026-10-03T12:17:38.624+00:00,27986914728800,27987107209000,executed,MG400 motion plan completed
B,1bc3e8c66309b3de,3,33752,2026-10-03T12:18:05.178+00:00,28013469287900,28014009488300,executed,MG400 motion plan completed
C,1bc3e8c66309b3de,4,52547,2026-10-03T12:18:23.992+00:00,28032283049300,28032824188100,executed,MG400 motion plan completed
D,1bc3e8c66309b3de,6,74430,2026-10-03T12:18:45.854+00:00,28054145138600,28054427060500,executed,MG400 motion plan completed
D,1bc3e8c66309b3de,8,708340,2026-10-03T12:29:19.756+00:00,28688044821800,28688311252300,executed,MG400 motion plan completed
E,1bc3e8c66309b3de,9,730364,2026-10-03T12:29:41.781+00:00,28710070079200,28710245689600,executed,MG400 motion plan completed
